<?xml version="1.0" encoding="utf-8"?>
<modification>
    <name>Change DB encoding to add emoji support</name>
    <code>custom_change_db_encoding_emoji</code>
    <version>1.0 3.0.x</version>
    <author>HDDen</author>
    <link>https://github.com/HDDen</link>

    <file path="system/library/db/mysqli.php"> 
        <operation error="skip">
            <search><![CDATA[$this->connection->set_charset("utf8");]]></search>
            <add position="replace"><![CDATA[ 
		$this->connection->set_charset("utf8mb4");
		$this->connection->query("SET NAMES 'utf8mb4'");
		$this->connection->query("SET CHARACTER_SET_CONNECTION=utf8mb4");
            ]]></add>
        </operation>
    </file>

    <file path="system/library/db/mysql.php"> 
        <operation error="skip">
            <search><![CDATA[mysql_query("SET NAMES 'utf8'", $this->connection);]]></search>
            <add position="replace"><![CDATA[ 
		mysql_query("SET NAMES 'utf8mb4'", $this->connection);
            ]]></add>
        </operation>

        <operation error="skip">
            <search><![CDATA[mysql_query("SET CHARACTER SET utf8", $this->connection);]]></search>
            <add position="replace"><![CDATA[ 
		mysql_query("SET CHARACTER SET utf8mb4", $this->connection);
            ]]></add>
        </operation>

        <operation error="skip">
            <search><![CDATA[mysql_query("SET CHARACTER_SET_CONNECTION=utf8", $this->connection);]]></search>
            <add position="replace"><![CDATA[ 
		mysql_query("SET CHARACTER_SET_CONNECTION=utf8mb4", $this->connection);
            ]]></add>
        </operation>
    </file>

    <file path="system/library/db/mpdo.php"> 
        <operation error="skip">
            <search><![CDATA[$this->connection->exec("SET NAMES 'utf8'");]]></search>
            <add position="replace"><![CDATA[ 
		$this->connection->exec("SET NAMES 'utf8mb4'");
            ]]></add>
        </operation>

        <operation error="skip">
            <search><![CDATA[$this->connection->exec("SET CHARACTER SET utf8");]]></search>
            <add position="replace"><![CDATA[ 
		$this->connection->exec("SET CHARACTER SET utf8mb4");
            ]]></add>
        </operation>

        <operation error="skip">
            <search><![CDATA[$this->connection->exec("SET CHARACTER_SET_CONNECTION=utf8");]]></search>
            <add position="replace"><![CDATA[ 
		$this->connection->exec("SET CHARACTER_SET_CONNECTION=utf8mb4");
            ]]></add>
        </operation>
    </file>

</modification>